name,username
Ann,ann01
John,johndoe123
Lena,lena_a
Emily,emily.smith
Michael,mike87
Sophia,sophia_g
William,will_w
Emma,emma_22
James,james_j
Olivia,olivia99
Alexander,alex_1
Mia,mia_45
Isabella,bella88
Charlotte,charlotte22
Matthew,matt_007
Amelia,amelia_j
Joseph,joe_55
Harper,harper123
Andrew,andrew_23
Abigail,abby_12
David,david_d
Samantha,sammy_s
Christopher,chris_c
Ava,avaaaa
Logan,logan87
Elizabeth,liz_00
Ryan,ryan_r
Ella,ella_e
Nathan,nate_01
Grace,graceful_grace
Gabriel,gabriel_g
Addison,addison_add
Brandon,brandon_b
Lily,lily_l
Avery,avery_a
Jackson,jack_99
Chloe,chloe_c
Carter,carter_c
Victoria,victoria_v
Henry,hank_4
Owen,owen_ow
Penelope,penny_p
Dylan,dylan_d
Scarlett,scarletttt